countryCode;countryName;currencyCode;population;fipsCode;isoNumeric;capital;continentName;continent;areaInSqKm;languages;isoAlpha3;geonameId
AF;Afghanistan;AFN;37172386;AF;4;Kabul;Asia;AS;6475000;fa-AF,ps,uz-AF,tk;AFG;1149361
AL;Albania;ALL;2866376;AL;8;Tirana;Europe;EU;287480;sq,el;ALB;783754
DZ;Algeria;DZD;42228429;AG;12;Algiers;Africa;AF;23817400;ar-DZ;DZA;2589581
AS;American Samoa;USD;55465;AQ;16;Pago Pago;Oceania;OC;1990;en-AS,sm,to;ASM;5880801
AD;Andorra;EUR;77006;AN;20;Andorra la Vella;Europe;EU;4680;ca;AND;3041565
AO;Angola;AOA;30809762;AO;24;Luanda;Africa;AF;12467000;pt-AO;AGO;3351879
AI;Anguilla;XCD;13254;AV;660;The Valley;North America;NA;1020;en-AI;AIA;3573511
AQ;Antarctica;;0;AY;10;;Antarctica;AN;140000000;;ATA;6697173
AG;Antigua and Barbuda;XCD;96286;AC;28;St John's;North America;NA;4430;en-AG;ATG;3576396
AR;Argentina;ARS;44494502;AR;32;Buenos Aires;South America;SA;27668900;es-AR,en,it,de,fr,gn;ARG;3865483
AM;Armenia;AMD;2951776;AM;51;Yerevan;Asia;AS;298000;hy;ARM;174982
AW;Aruba;AWG;105845;AA;533;Oranjestad;North America;NA;1930;nl-AW,pap,es,en;ABW;3577279
AU;Australia;AUD;24992369;AS;36;Canberra;Oceania;OC;76868500;en-AU;AUS;2077456
AT;Austria;EUR;8847037;AU;40;Vienna;Europe;EU;838580;de-AT,hr,hu,sl;AUT;2782113
AZ;Azerbaijan;AZN;9942334;AJ;31;Baku;Asia;AS;866000;az,ru,hy;AZE;587116
BS;Bahamas;BSD;385640;BF;44;Nassau;North America;NA;139400;en-BS;BHS;3572887
BH;Bahrain;BHD;1569439;BA;48;Manama;Asia;AS;6650;ar-BH,en,fa,ur;BHR;290291
BD;Bangladesh;BDT;161356039;BG;50;Dhaka;Asia;AS;1440000;bn-BD,en;BGD;1210997
BB;Barbados;BBD;286641;BB;52;Bridgetown;North America;NA;4310;en-BB;BRB;3374084
BY;Belarus;BYN;9485386;BO;112;Minsk;Europe;EU;2076000;be,ru;BLR;630336
BE;Belgium;EUR;11422068;BE;56;Brussels;Europe;EU;305100;nl-BE,fr-BE,de-BE;BEL;2802361
BZ;Belize;BZD;383071;BH;84;Belmopan;North America;NA;229660;en-BZ,es;BLZ;3582678
BJ;Benin;XOF;11485048;BN;204;Porto-Novo;Africa;AF;1126200;fr-BJ;BEN;2395170
BM;Bermuda;BMD;63968;BD;60;Hamilton;North America;NA;530;en-BM,pt;BMU;3573345
BT;Bhutan;BTN;754394;BT;64;Thimphu;Asia;AS;470000;dz;BTN;1252634
BO;Bolivia;BOB;11353142;BL;68;Sucre;South America;SA;10985800;es-BO,qu,ay;BOL;3923057
BQ;Bonaire, Sint Eustatius, and Saba;USD;18012;;535;Kralendijk;North America;NA;3280;nl,pap,en;BES;7626844
BA;Bosnia and Herzegovina;BAM;3323929;BK;70;Sarajevo;Europe;EU;511290;bs,hr-BA,sr-BA;BIH;3277605
BW;Botswana;BWP;2254126;BC;72;Gaborone;Africa;AF;6003700;en-BW,tn-BW;BWA;933860
BV;Bouvet Island;NOK;0;BV;74;;Antarctica;AN;490;;BVT;3371123
BR;Brazil;BRL;209469333;BR;76;Brasília;South America;SA;85119650;pt-BR,es,en,fr;BRA;3469034
IO;British Indian Ocean Territory;USD;4000;IO;86;;Asia;AS;600;en-IO;IOT;1282588
VG;British Virgin Islands;USD;29802;VI;92;Road Town;North America;NA;1530;en-VG;VGB;3577718
BN;Brunei;BND;428962;BX;96;Bandar Seri Begawan;Asia;AS;57700;ms-BN,en-BN;BRN;1820814
BG;Bulgaria;BGN;7000039;BU;100;Sofia;Europe;EU;1109100;bg,tr-BG,rom;BGR;732800
BF;Burkina Faso;XOF;19751535;UV;854;Ouagadougou;Africa;AF;2742000;fr-BF,mos;BFA;2361809
BI;Burundi;BIF;11175378;BY;108;Gitega;Africa;AF;278300;fr-BI,rn;BDI;433561
CV;Cabo Verde;CVE;543767;CV;132;Praia;Africa;AF;40330;pt-CV;CPV;3374766
KH;Cambodia;KHR;16249798;CB;116;Phnom Penh;Asia;AS;1810400;km,fr,en;KHM;1831722
CM;Cameroon;XAF;25216237;CM;120;Yaoundé;Africa;AF;4754400;en-CM,fr-CM;CMR;2233387
CA;Canada;CAD;37058856;CA;124;Ottawa;North America;NA;99846700;en-CA,fr-CA,iu;CAN;6251999
KY;Cayman Islands;KYD;64174;CJ;136;George Town;North America;NA;2620;en-KY;CYM;3580718
CF;Central African Republic;XAF;4666377;CT;140;Bangui;Africa;AF;6229840;fr-CF,sg,ln,kg;CAF;239880
TD;Chad;XAF;15477751;CD;148;N'Djamena;Africa;AF;12840000;fr-TD,ar-TD,sre;TCD;2434508
CL;Chile;CLP;18729160;CI;152;Santiago;South America;SA;7569500;es-CL;CHL;3895114
CN;China;CNY;1411778724;CH;156;Beijing;Asia;AS;95969600;zh-CN,yue,wuu,dta,ug,za;CHN;1814991
CX;Christmas Island;AUD;1500;KT;162;Flying Fish Cove;Oceania;OC;1350;en,zh,ms-CX;CXR;2078138
CC;Cocos (Keeling) Islands;AUD;628;CK;166;West Island;Asia;AS;140;ms-CC,en;CCK;1547376
CO;Colombia;COP;49648685;CO;170;Bogotá;South America;SA;11389100;es-CO;COL;3686110
KM;Comoros;KMF;832322;CN;174;Moroni;Africa;AF;21700;ar,fr-KM;COM;921929
CG;Congo Republic;XAF;5244363;CF;178;Brazzaville;Africa;AF;3420000;fr-CG,kg,ln-CG;COG;2260494
CK;Cook Islands;NZD;21388;CW;184;Avarua;Oceania;OC;2400;en-CK,mi;COK;1899402
CR;Costa Rica;CRC;4999441;CS;188;San José;North America;NA;511000;es-CR,en;CRI;3624060
HR;Croatia;EUR;3871833;HR;191;Zagreb;Europe;EU;565420;hr-HR,sr;HRV;3202326
CU;Cuba;CUP;11338138;CU;192;Havana;North America;NA;1108600;es-CU,pap;CUB;3562981
CW;Curaçao;ANG;159849;UC;531;Willemstad;North America;NA;4440;nl,pap;CUW;7626836
CY;Cyprus;EUR;1189265;CY;196;Nicosia;Europe;EU;92500;el-CY,tr-CY,en;CYP;146669
CZ;Czechia;CZK;10625695;EZ;203;Prague;Europe;EU;788660;cs,sk;CZE;3077311
CD;DR Congo;CDF;84068091;CG;180;Kinshasa;Africa;AF;23454100;fr-CD,ln,ktu,kg,sw,lua;COD;203312
DK;Denmark;DKK;5797446;DA;208;Copenhagen;Europe;EU;430940;da-DK,en,fo,de-DK;DNK;2623032
DJ;Djibouti;DJF;958920;DJ;262;Djibouti;Africa;AF;230000;fr-DJ,ar,so-DJ,aa;DJI;223816
DM;Dominica;XCD;71625;DO;212;Roseau;North America;NA;7540;en-DM;DMA;3575830
DO;Dominican Republic;DOP;10627165;DR;214;Santo Domingo;North America;NA;487300;es-DO;DOM;3508796
EC;Ecuador;USD;17084357;EC;218;Quito;South America;SA;2835600;es-EC;ECU;3658394
EG;Egypt;EGP;98423595;EG;818;Cairo;Africa;AF;10014500;ar-EG,en,fr;EGY;357994
SV;El Salvador;USD;6420744;ES;222;San Salvador;North America;NA;210400;es-SV;SLV;3585968
GQ;Equatorial Guinea;XAF;1308974;EK;226;Malabo;Africa;AF;280510;es-GQ,fr,pt;GNQ;2309096
ER;Eritrea;ERN;6209262;ER;232;Asmara;Africa;AF;1213200;aa-ER,ar,tig,kun,ti-ER;ERI;338010
EE;Estonia;EUR;1320884;EN;233;Tallinn;Europe;EU;452260;et,ru;EST;453733
SZ;Eswatini;SZL;1136191;WZ;748;Mbabane;Africa;AF;173630;en-SZ,ss-SZ;SWZ;934841
ET;Ethiopia;ETB;109224559;ET;231;Addis Ababa;Africa;AF;11271270;am,en-ET,om-ET,ti-ET,so-ET,sid;ETH;337996
FK;Falkland Islands;FKP;2638;FK;238;Stanley;South America;SA;121730;en-FK;FLK;3474414
FO;Faroe Islands;DKK;48497;FO;234;Tórshavn;Europe;EU;13990;fo,da-FO;FRO;2622320
FJ;Fiji;FJD;883483;FJ;242;Suva;Oceania;OC;182700;en-FJ,fj;FJI;2205218
FI;Finland;EUR;5518050;FI;246;Helsinki;Europe;EU;3370300;fi-FI,sv-FI,smn;FIN;660013
FR;France;EUR;66987244;FR;250;Paris;Europe;EU;5470300;fr-FR,frp,br,co,ca,eu,oc;FRA;3017382
GF;French Guiana;EUR;195506;FG;254;Cayenne;South America;SA;910000;fr-GF;GUF;3381670
PF;French Polynesia;XPF;277679;FP;258;Papeete;Oceania;OC;41670;fr-PF,ty;PYF;4030656
TF;French Southern Territories;EUR;140;FS;260;Port-aux-Français;Antarctica;AN;78290;fr;ATF;1546748
GA;Gabon;XAF;2119275;GB;266;Libreville;Africa;AF;2676670;fr-GA;GAB;2400553
GE;Georgia;GEL;3731000;GG;268;Tbilisi;Asia;AS;697000;ka,ru,hy,az;GEO;614540
DE;Germany;EUR;82927922;GM;276;Berlin;Europe;EU;3570210;de;DEU;2921044
GH;Ghana;GHS;29767108;GH;288;Accra;Africa;AF;2394600;en-GH,ak,ee,tw;GHA;2300660
GI;Gibraltar;GIP;33718;GI;292;Gibraltar;Europe;EU;65;en-GI,es,it,pt;GIB;2411586
GR;Greece;EUR;10727668;GR;300;Athens;Europe;EU;1319400;el-GR,en,fr;GRC;390903
GL;Greenland;DKK;56025;GL;304;Nuuk;North America;NA;21660860;kl,da-GL,en;GRL;3425505
GD;Grenada;XCD;111454;GJ;308;St. George's;North America;NA;3440;en-GD;GRD;3580239
GP;Guadeloupe;EUR;443000;GP;312;Basse-Terre;North America;NA;17800;fr-GP;GLP;3579143
GU;Guam;USD;165768;GQ;316;Hagåtña;Oceania;OC;5490;en-GU,ch-GU;GUM;4043988
GT;Guatemala;GTQ;17247807;GT;320;Guatemala City;North America;NA;1088900;es-GT;GTM;3595528
GG;Guernsey;GBP;65228;GK;831;St Peter Port;Europe;EU;780;en,nrf;GGY;3042362
GN;Guinea;GNF;12414318;GV;324;Conakry;Africa;AF;2458570;fr-GN;GIN;2420477
GW;Guinea-Bissau;XOF;1874309;PU;624;Bissau;Africa;AF;361200;pt-GW,pov;GNB;2372248
GY;Guyana;GYD;779004;GY;328;Georgetown;South America;SA;2149700;en-GY;GUY;3378535
HT;Haiti;HTG;11123176;HA;332;Port-au-Prince;North America;NA;277500;ht,fr-HT;HTI;3723988
HM;Heard and McDonald Islands;AUD;0;HM;334;;Antarctica;AN;4120;;HMD;1547314
HN;Honduras;HNL;9587522;HO;340;Tegucigalpa;North America;NA;1120900;es-HN,cab,miq;HND;3608932
HK;Hong Kong;HKD;7451000;HK;344;Hong Kong;Asia;AS;10920;zh-HK,yue,zh,en;HKG;1819730
HU;Hungary;HUF;9768785;HU;348;Budapest;Europe;EU;930300;hu-HU;HUN;719819
IS;Iceland;ISK;353574;IC;352;Reykjavik;Europe;EU;1030000;is,en,de,da,sv,no;ISL;2629691
IN;India;INR;1352617328;IN;356;New Delhi;Asia;AS;32875900;en-IN,hi,bn,te,mr,ta,ur,gu,kn,ml,or,pa,as,bh,sat,ks,ne,sd,kok,doi,mni,sit,sa,fr,lus,inc;IND;1269750
ID;Indonesia;IDR;267663435;ID;360;Jakarta;Asia;AS;19194400;id,en,nl,jv;IDN;1643084
IR;Iran;IRR;81800269;IR;364;Tehran;Asia;AS;16480000;fa-IR,ku;IRN;130758
IQ;Iraq;IQD;38433600;IZ;368;Baghdad;Asia;AS;4370720;ar-IQ,ku,hy;IRQ;99237
IE;Ireland;EUR;4853506;EI;372;Dublin;Europe;EU;702800;en-IE,ga-IE;IRL;2963597
IM;Isle of Man;GBP;84077;IM;833;Douglas;Europe;EU;5720;en,gv;IMN;3042225
IL;Israel;ILS;8883800;IS;376;;Asia;AS;207700;he,ar-IL,en-IL,;ISR;294640
IT;Italy;EUR;60431283;IT;380;Rome;Europe;EU;3012300;it-IT,de-IT,fr-IT,sc,ca,co,sl;ITA;3175395
CI;Ivory Coast;XOF;25069229;IV;384;Yamoussoukro;Africa;AF;3224600;fr-CI;CIV;2287781
JM;Jamaica;JMD;2934855;JM;388;Kingston;North America;NA;109910;en-JM;JAM;3489940
JP;Japan;JPY;126529100;JA;392;Tokyo;Asia;AS;3778350;ja;JPN;1861060
JE;Jersey;GBP;90812;JE;832;Saint Helier;Europe;EU;1160;en,fr,nrf;JEY;3042142
JO;Jordan;JOD;9956011;JO;400;Amman;Asia;AS;923000;ar-JO,en;JOR;248816
KZ;Kazakhstan;KZT;18276499;KZ;398;Nur-Sultan;Asia;AS;27173000;kk,ru;KAZ;1522867
KE;Kenya;KES;51393010;KE;404;Nairobi;Africa;AF;5826500;en-KE,sw-KE;KEN;192950
KI;Kiribati;AUD;115847;KR;296;Tarawa;Oceania;OC;8110;en-KI,gil;KIR;4030945
XK;Kosovo;EUR;1845300;KV;0;Pristina;Europe;EU;109080;sq,sr;XKX;831053
KW;Kuwait;KWD;4137309;KU;414;Kuwait City;Asia;AS;178200;ar-KW,en;KWT;285570
KG;Kyrgyzstan;KGS;6315800;KG;417;Bishkek;Asia;AS;1985000;ky,uz,ru;KGZ;1527747
LA;Laos;LAK;7061507;LA;418;Vientiane;Asia;AS;2368000;lo,fr,en;LAO;1655842
LV;Latvia;EUR;1926542;LG;428;Riga;Europe;EU;645890;lv,ru,lt;LVA;458258
LB;Lebanon;LBP;6848925;LE;422;Beirut;Asia;AS;104000;ar-LB,fr-LB,en,hy;LBN;272103
LS;Lesotho;LSL;2108132;LT;426;Maseru;Africa;AF;303550;en-LS,st,zu,xh;LSO;932692
LR;Liberia;LRD;4818977;LI;430;Monrovia;Africa;AF;1113700;en-LR;LBR;2275384
LY;Libya;LYD;6678567;LY;434;Tripoli;Africa;AF;17595400;ar-LY,it,en;LBY;2215636
LI;Liechtenstein;CHF;37910;LS;438;Vaduz;Europe;EU;1600;de-LI;LIE;3042058
LT;Lithuania;EUR;2789533;LH;440;Vilnius;Europe;EU;652000;lt,ru,pl;LTU;597427
LU;Luxembourg;EUR;607728;LU;442;Luxembourg;Europe;EU;25860;lb,de-LU,fr-LU;LUX;2960313
MO;Macao;MOP;631636;MC;446;Macao;Asia;AS;2540;zh,zh-MO,pt;MAC;1821275
MG;Madagascar;MGA;26262368;MA;450;Antananarivo;Africa;AF;5870400;fr-MG,mg;MDG;1062947
MW;Malawi;MWK;17563749;MI;454;Lilongwe;Africa;AF;1184800;ny,yao,tum,swk;MWI;927384
MY;Malaysia;MYR;31528585;MY;458;Kuala Lumpur;Asia;AS;3297500;ms-MY,en,zh,ta,te,ml,pa,th;MYS;1733045
MV;Maldives;MVR;515696;MV;462;Malé;Asia;AS;3000;dv,en;MDV;1282028
ML;Mali;XOF;19077690;ML;466;Bamako;Africa;AF;12400000;fr-ML,bm;MLI;2453866
MT;Malta;EUR;483530;MT;470;Valletta;Europe;EU;3160;mt,en-MT;MLT;2562770
MH;Marshall Islands;USD;58413;RM;584;Majuro;Oceania;OC;1813;mh,en-MH;MHL;2080185
MQ;Martinique;EUR;432900;MB;474;Fort-de-France;North America;NA;11000;fr-MQ;MTQ;3570311
MR;Mauritania;MRU;4403319;MR;478;Nouakchott;Africa;AF;10307000;ar-MR,fuc,snk,fr,mey,wo;MRT;2378080
MU;Mauritius;MUR;1265303;MP;480;Port Louis;Africa;AF;20400;en-MU,bho,fr;MUS;934292
YT;Mayotte;EUR;279471;MF;175;Mamoudzou;Africa;AF;3740;fr-YT;MYT;1024031
MX;Mexico;MXN;126190788;MX;484;Mexico City;North America;NA;19725500;es-MX;MEX;3996063
FM;Micronesia;USD;112640;FM;583;Palikir;Oceania;OC;7020;en-FM,chk,pon,yap,kos,uli,woe,nkr,kpg;FSM;2081918
MD;Moldova;MDL;3545883;MD;498;Chi?in?u;Europe;EU;338430;ro,ru,gag,tr;MDA;617790
MC;Monaco;EUR;38682;MN;492;Monaco;Europe;EU;195;fr-MC,en,it;MCO;2993457
MN;Mongolia;MNT;3170208;MG;496;Ulaanbaatar;Asia;AS;15650000;mn,ru;MNG;2029969
ME;Montenegro;EUR;622345;MJ;499;Podgorica;Europe;EU;140260;sr,hu,bs,sq,hr,rom;MNE;3194884
MS;Montserrat;XCD;9341;MH;500;Plymouth;North America;NA;1020;en-MS;MSR;3578097
MA;Morocco;MAD;36029138;MO;504;Rabat;Africa;AF;4465500;ar-MA,ber,fr;MAR;2542007
MZ;Mozambique;MZN;29495962;MZ;508;Maputo;Africa;AF;8015900;pt-MZ,vmw;MOZ;1036973
MM;Myanmar;MMK;53708395;BM;104;Nay Pyi Taw;Asia;AS;6785000;my;MMR;1327865
NA;Namibia;NAD;2448255;WA;516;Windhoek;Africa;AF;8254180;en-NA,af,de,hz,naq;NAM;3355338
NR;Nauru;AUD;12704;NR;520;Yaren District;Oceania;OC;210;na,en-NR;NRU;2110425
NP;Nepal;NPR;28087871;NP;524;Kathmandu;Asia;AS;1408000;ne,en;NPL;1282988
NL;Netherlands;EUR;17231017;NL;528;Amsterdam;Europe;EU;415260;nl-NL,fy-NL;NLD;2750405
NC;New Caledonia;XPF;284060;NC;540;Noumea;Oceania;OC;190600;fr-NC;NCL;2139685
NZ;New Zealand;NZD;4885500;NZ;554;Wellington;Oceania;OC;2686800;en-NZ,mi;NZL;2186224
NI;Nicaragua;NIO;6465513;NU;558;Managua;North America;NA;1294940;es-NI,en;NIC;3617476
NE;Niger;XOF;22442948;NG;562;Niamey;Africa;AF;12670000;fr-NE,ha,kr,dje;NER;2440476
NG;Nigeria;NGN;195874740;NI;566;Abuja;Africa;AF;9237680;en-NG,ha,yo,ig,ff;NGA;2328926
NU;Niue;NZD;2166;NE;570;Alofi;Oceania;OC;2600;niu,en-NU;NIU;4036232
NF;Norfolk Island;AUD;1828;NF;574;Kingston;Oceania;OC;346;en-NF;NFK;2155115
KP;North Korea;KPW;25549819;KN;408;Pyongyang;Asia;AS;1205400;ko-KP;PRK;1873107
MK;North Macedonia;MKD;2082958;MK;807;Skopje;Europe;EU;253330;mk,sq,tr,rmm,sr;MKD;718075
MP;Northern Mariana Islands;USD;56882;CQ;580;Saipan;Oceania;OC;4770;fil,tl,zh,ch-MP,en-MP;MNP;4041468
NO;Norway;NOK;5314336;NO;578;Oslo;Europe;EU;3242200;no,nb,nn,se,fi;NOR;3144096
OM;Oman;OMR;4829483;MU;512;Muscat;Asia;AS;2124600;ar-OM,en,bal,ur;OMN;286963
PK;Pakistan;PKR;212215030;PK;586;Islamabad;Asia;AS;8039400;ur-PK,en-PK,pa,sd,ps,brh;PAK;1168579
PW;Palau;USD;17907;PS;585;Ngerulmud;Oceania;OC;4580;pau,sov,en-PW,tox,ja,fil,zh;PLW;1559582
PS;Palestine;ILS;4569087;WE;275;;Asia;AS;59700;ar-PS;PSE;6254930
PA;Panama;PAB;4176873;PM;591;Panama City;North America;NA;782000;es-PA,en;PAN;3703430
PG;Papua New Guinea;PGK;8606316;PP;598;Port Moresby;Oceania;OC;4628400;en-PG,ho,meu,tpi;PNG;2088628
PY;Paraguay;PYG;6956071;PA;600;Asunción;South America;SA;4067500;es-PY,gn;PRY;3437598
PE;Peru;PEN;31989256;PE;604;Lima;South America;SA;12852200;es-PE,qu,ay;PER;3932488
PH;Philippines;PHP;106651922;RP;608;Manila;Asia;AS;3000000;tl,en-PH,fil,ceb,ilo,hil,war,pam,bik,bcl,pag,mrw,tsg,mdh,cbk,krj,sgd,msb,akl,ibg,yka,mta,abx;PHL;1694008
PN;Pitcairn Islands;NZD;46;PC;612;Adamstown;Oceania;OC;470;en-PN;PCN;4030699
PL;Poland;PLN;37978548;PL;616;Warsaw;Europe;EU;3126850;pl;POL;798544
PT;Portugal;EUR;10281762;PO;620;Lisbon;Europe;EU;923910;pt-PT,mwl;PRT;2264397
PR;Puerto Rico;USD;3195153;RQ;630;San Juan;North America;NA;91040;en-PR,es-PR;PRI;4566966
QA;Qatar;QAR;2781677;QA;634;Doha;Asia;AS;114370;ar-QA,es;QAT;289688
RO;Romania;RON;19473936;RO;642;Bucharest;Europe;EU;2375000;ro,hu,rom;ROU;798549
RU;Russia;RUB;144478050;RS;643;Moscow;Europe;EU;1710000000;ru,tt,xal,cau,ady,kv,ce,tyv,cv,udm,tut,mns,bua,myv,mdf,chm,ba,inh,kbd,krc,av,sah,nog;RUS;2017370
RW;Rwanda;RWF;12301939;RW;646;Kigali;Africa;AF;263380;rw,en-RW,fr-RW,sw;RWA;49518
RE;Réunion;EUR;776948;RE;638;Saint-Denis;Africa;AF;25170;fr-RE;REU;935317
BL;Saint Barthélemy;EUR;8450;TB;652;Gustavia;North America;NA;210;fr;BLM;3578476
SH;Saint Helena;SHP;7460;SH;654;Jamestown;Africa;AF;4100;en-SH;SHN;3370751
LC;Saint Lucia;XCD;181889;ST;662;Castries;North America;NA;6160;en-LC;LCA;3576468
MF;Saint Martin;EUR;37264;RN;663;Marigot;North America;NA;530;fr;MAF;3578421
PM;Saint Pierre and Miquelon;EUR;7012;SB;666;Saint-Pierre;North America;NA;2420;fr-PM;SPM;3424932
WS;Samoa;WST;196130;WS;882;Apia;Oceania;OC;29440;sm,en-WS;WSM;4034894
SM;San Marino;EUR;33785;SM;674;San Marino;Europe;EU;612;it-SM;SMR;3168068
SA;Saudi Arabia;SAR;33699947;SA;682;Riyadh;Asia;AS;19605820;ar-SA;SAU;102358
SN;Senegal;XOF;15854360;SG;686;Dakar;Africa;AF;1961900;fr-SN,wo,fuc,mnk;SEN;2245662
RS;Serbia;RSD;6982084;RI;688;Belgrade;Europe;EU;883610;sr,hu,bs,rom;SRB;6290252
SC;Seychelles;SCR;96762;SE;690;Victoria;Africa;AF;4550;en-SC,fr-SC;SYC;241170
SL;Sierra Leone;SLL;7650154;SL;694;Freetown;Africa;AF;717400;en-SL,men,tem;SLE;2403846
SG;Singapore;SGD;5638676;SN;702;Singapore;Asia;AS;6927;cmn,en-SG,ms-SG,ta-SG,zh-SG;SGP;1880251
SX;Sint Maarten;ANG;40654;NN;534;Philipsburg;North America;NA;210;nl,en;SXM;7609695
SK;Slovakia;EUR;5447011;LO;703;Bratislava;Europe;EU;488450;sk,hu;SVK;3057568
SI;Slovenia;EUR;2067372;SI;705;Ljubljana;Europe;EU;202730;sl,sh;SVN;3190538
SB;Solomon Islands;SBD;652858;BP;90;Honiara;Oceania;OC;284500;en-SB,tpi;SLB;2103350
SO;Somalia;SOS;15008154;SO;706;Mogadishu;Africa;AF;6376570;so-SO,ar-SO,it,en-SO;SOM;51537
ZA;South Africa;ZAR;57779622;SF;710;Pretoria;Africa;AF;12199120;zu,xh,af,nso,en-ZA,tn,st,ts,ss,ve,nr;ZAF;953987
GS;South Georgia and South Sandwich Islands;GBP;30;SX;239;Grytviken;Antarctica;AN;39030;en;SGS;3474415
KR;South Korea;KRW;51635256;KS;410;Seoul;Asia;AS;984800;ko-KR,en;KOR;1835841
SS;South Sudan;SSP;8260490;OD;728;Juba;Africa;AF;6443290;en;SSD;7909807
ES;Spain;EUR;46723749;SP;724;Madrid;Europe;EU;5047820;es-ES,ca,gl,eu,oc;ESP;2510769
LK;Sri Lanka;LKR;21670000;CE;144;Colombo;Asia;AS;656100;si,ta,en;LKA;1227603
KN;St Kitts and Nevis;XCD;52441;SC;659;Basseterre;North America;NA;2610;en-KN;KNA;3575174
VC;St Vincent and Grenadines;XCD;110211;VC;670;Kingstown;North America;NA;3890;en-VC,fr;VCT;3577815
SD;Sudan;SDG;41801533;SU;729;Khartoum;Africa;AF;18614840;ar-SD,en,fia;SDN;366755
SR;Suriname;SRD;575991;NS;740;Paramaribo;South America;SA;1632700;nl-SR,en,srn,hns,jv;SUR;3382998
SJ;Svalbard and Jan Mayen;NOK;2550;SV;744;Longyearbyen;Europe;EU;620490;no,ru;SJM;607072
SE;Sweden;SEK;10183175;SW;752;Stockholm;Europe;EU;4499640;sv-SE,se,sma,fi-SE;SWE;2661886
CH;Switzerland;CHF;8516543;SZ;756;Bern;Europe;EU;412900;de-CH,fr-CH,it-CH,rm;CHE;2658434
SY;Syria;SYP;16906283;SY;760;Damascus;Asia;AS;1851800;ar-SY,ku,hy,arc,fr,en;SYR;163843
ST;São Tomé and Príncipe;STN;197700;TP;678;São Tomé;Africa;AF;10010;pt-ST;STP;2410758
TW;Taiwan;TWD;23451837;TW;158;Taipei;Asia;AS;359800;zh-TW,zh,nan,hak;TWN;1668284
TJ;Tajikistan;TJS;9100837;TI;762;Dushanbe;Asia;AS;1431000;tg,ru;TJK;1220409
TZ;Tanzania;TZS;56318348;TZ;834;Dodoma;Africa;AF;9450870;sw-TZ,en,ar;TZA;149590
TH;Thailand;THB;69428524;TH;764;Bangkok;Asia;AS;5140000;th,en;THA;1605651
GM;The Gambia;GMD;2280102;GA;270;Banjul;Africa;AF;113000;en-GM,mnk,wof,wo,ff;GMB;2413451
TL;Timor-Leste;USD;1267972;TT;626;Dili;Oceania;OC;150070;tet,pt-TL,id,en;TLS;1966436
TG;Togo;XOF;7889094;TO;768;Lomé;Africa;AF;567850;fr-TG,ee,hna,kbp,dag,ha;TGO;2363686
TK;Tokelau;NZD;1466;TL;772;;Oceania;OC;100;tkl,en-TK;TKL;4031074
TO;Tonga;TOP;103197;TN;776;Nuku'alofa;Oceania;OC;7480;to,en-TO;TON;4032283
TT;Trinidad and Tobago;TTD;1389858;TD;780;Port of Spain;North America;NA;51280;en-TT,hns,fr,es,zh;TTO;3573591
TN;Tunisia;TND;11565204;TS;788;Tunis;Africa;AF;1636100;ar-TN,fr;TUN;2464461
TR;Turkey;TRY;82319724;TU;792;Ankara;Asia;AS;7805800;tr-TR,ku,diq,az,av;TUR;298795
TM;Turkmenistan;TMT;5850908;TX;795;Ashgabat;Asia;AS;4881000;tk,ru,uz;TKM;1218197
TC;Turks and Caicos Islands;USD;37665;TK;796;Cockburn Town;North America;NA;4300;en-TC;TCA;3576916
TV;Tuvalu;AUD;11508;TV;798;Funafuti;Oceania;OC;260;tvl,en,sm,gil;TUV;2110297
UM;U.S. Outlying Islands;USD;0;;581;;Oceania;OC;0;en-UM;UMI;5854968
VI;U.S. Virgin Islands;USD;106977;VQ;850;Charlotte Amalie;North America;NA;3520;en-VI;VIR;4796775
UG;Uganda;UGX;42723139;UG;800;Kampala;Africa;AF;2360400;en-UG,lg,sw,ar;UGA;226074
UA;Ukraine;UAH;44622516;UP;804;Kyiv;Europe;EU;6037000;uk,ru-UA,rom,pl,hu;UKR;690791
AE;United Arab Emirates;AED;9630959;AE;784;Abu Dhabi;Asia;AS;828800;ar-AE,fa,en,hi,ur;ARE;290557
GB;United Kingdom;GBP;66488991;UK;826;London;Europe;EU;2448200;en-GB,cy-GB,gd;GBR;2635167
US;United States;USD;327167434;US;840;Washington;North America;NA;96290910;en-US,es-US,haw,fr;USA;6252001
UY;Uruguay;UYU;3449299;UY;858;Montevideo;South America;SA;1762200;es-UY;URY;3439705
UZ;Uzbekistan;UZS;32955400;UZ;860;Tashkent;Asia;AS;4474000;uz,ru,tg;UZB;1512440
VU;Vanuatu;VUV;292680;NH;548;Port Vila;Oceania;OC;122000;bi,en-VU,fr-VU;VUT;2134431
VA;Vatican City;EUR;921;VT;336;Vatican City;Europe;EU;44;la,it,fr;VAT;3164670
VE;Venezuela;VES;28870195;VE;862;Caracas;South America;SA;9120500;es-VE;VEN;3625428
VN;Vietnam;VND;95540395;VM;704;Hanoi;Asia;AS;3295600;vi,en,fr,zh,km;VNM;1562822
WF;Wallis and Futuna;XPF;16025;WF;876;Mata-Utu;Oceania;OC;2740;wls,fud,fr-WF;WLF;4034749
EH;Western Sahara;MAD;273008;WI;732;;Africa;AF;2660000;ar,mey;ESH;2461445
YE;Yemen;YER;28498687;YM;887;Sanaa;Asia;AS;5279700;ar-YE;YEM;69543
ZM;Zambia;ZMW;17351822;ZA;894;Lusaka;Africa;AF;7526140;en-ZM,bem,loz,lun,lue,ny,toi;ZMB;895949
ZW;Zimbabwe;ZWL;14439018;ZI;716;Harare;Africa;AF;3905800;en-ZW,sn,nr,nd;ZWE;878675
AX;Åland;EUR;26711;;248;Mariehamn;Europe;EU;15800;sv-AX;ALA;661882
